trader_id,handle,display_name,profile_url,evm_wallet,blockscout_url,chain,chain_id,followers,fills,buys,sells,volume_usd,realized_pnl_usd,unrealized_pnl_usd,net_pnl_usd,closed_trades,wins,win_rate,best_trade_usd,worst_trade_usd,open_bags,last_activity_unix,solana_wallet,solana_mapping_status
unipcs,unipcs,Unipcs,https://fomo.family/profile/unipcs,0x0a6ebed0155edb4b21d92ad02897a626cd90119e,https://robinhoodchain.blockscout.com/address/0x0a6ebed0155edb4b21d92ad02897a626cd90119e,robinhood,4663,514576,504,428,76,2085197.7716972267,-219890.445323487,490405.45574818004,270515.01042469306,31,19,0.6129032258064516,1662.4154517552968,-118077.86079799998,262,1788886166,,pending
PoorGoat_,PoorGoat_,PoorGoat🐂🀄️💛🐈,https://fomo.family/profile/PoorGoat_,0x9ce0cb4a193acbce0dca3283972341aed6f3f614,https://robinhoodchain.blockscout.com/address/0x9ce0cb4a193acbce0dca3283972341aed6f3f614,robinhood,4663,498702,33,33,0,9816.736772213893,0,4226.812104357716,4226.812104357716,0,0,,,,40,1788885294,,pending
DumbCrayonEater,DumbCrayonEater,DumbCrayonEater,https://fomo.family/profile/DumbCrayonEater,0x8f62a08537cede87d511aca6436274ab4ca080a3,https://robinhoodchain.blockscout.com/address/0x8f62a08537cede87d511aca6436274ab4ca080a3,robinhood,4663,483339,83,79,4,236475.8667946135,-1082.461318082376,47157.63449452701,46075.17317644464,1,0,0,-1100.286947000001,-1100.286947000001,76,1788885215,,pending
change,change,change,https://fomo.family/profile/change,0x92bff72e6c943a1348aedf15d68e758e811dec64,https://robinhoodchain.blockscout.com/address/0x92bff72e6c943a1348aedf15d68e758e811dec64,robinhood,4663,338419,807,478,329,8288892.491712252,50345.036638256766,-348656.6785795551,-298311.6419412984,43,10,0.23255813953488372,33066.957036751555,-10216.252706351246,73,1788886371,,pending
ether_monk,ether_monk,Ethermonk 📿,https://fomo.family/profile/ether_monk,0x2408ce75d217e3a70d6ca370c78c1b34d706f5a0,https://robinhoodchain.blockscout.com/address/0x2408ce75d217e3a70d6ca370c78c1b34d706f5a0,robinhood,4663,319349,314,280,34,2240104.5647914824,-46446.45685306063,427532758.3903203,427486311.93346727,32,15,0.46875,4847.820916999999,-16452.104795366802,63,1788885970,,pending
0xAvast,0xAvast,Avast,https://fomo.family/profile/0xAvast,0xcc0c581613dfd4ace7c8686668427236f8bd5cc5,https://robinhoodchain.blockscout.com/address/0xcc0c581613dfd4ace7c8686668427236f8bd5cc5,robinhood,4663,277140,121,91,30,793472.6854361391,-112092.33160952882,447070.46716813534,334978.13555860653,23,9,0.391304347826087,12535.195664000003,-49445.038725,32,1788885970,,pending
Aurelius0121,Aurelius0121,Aurelius,https://fomo.family/profile/Aurelius0121,0x0c175c6a0065ee05f871a68783d2de432a1e6cbe,https://robinhoodchain.blockscout.com/address/0x0c175c6a0065ee05f871a68783d2de432a1e6cbe,robinhood,4663,275064,387,333,54,1589799.3261242022,-221021.81203514017,486869.1548580057,265847.3428228655,21,7,0.3333333333333333,5498.968061,-130549.58615300001,49,1788857249,,pending
Quanterty,Quanterty,Qwerty,https://fomo.family/profile/Quanterty,0x0121525f755c9e7bbc525bba6672716ab46ced57,https://robinhoodchain.blockscout.com/address/0x0121525f755c9e7bbc525bba6672716ab46ced57,robinhood,4663,262657,165,134,31,2685558.38361125,15913.809373407204,-39846.76308366156,-23932.953710254355,8,5,0.625,15867.370825999998,-54565.29978800003,56,1788885222,,pending
frankdegods,frankdegods,frank,https://fomo.family/profile/frankdegods,0x696d1265c8fc4f14797abebfae3c43ebfa9d8e28,https://robinhoodchain.blockscout.com/address/0x696d1265c8fc4f14797abebfae3c43ebfa9d8e28,robinhood,4663,244322,767,595,172,4302268.613570535,219726.36848002105,-64240.60762944551,155485.76085057552,102,39,0.38235294117647056,88575.868692,-73255.0221994104,191,1788886148,,pending
Salem1299534,Salem1299534,Salem,https://fomo.family/profile/Salem1299534,0xb8f305f27ccc406373de0082cc06cb1d065504ea,https://robinhoodchain.blockscout.com/address/0xb8f305f27ccc406373de0082cc06cb1d065504ea,robinhood,4663,199353,74,62,12,1483105.2338784048,-322558.8799768842,84358.12943453446,-238200.7505423497,4,2,0.5,2736.2391350000007,-40603.43662847218,34,1788879893,,pending
Rowdy,Rowdy,Rowdy,https://fomo.family/profile/Rowdy,0x03ba951f72e59899ac8dab30cb5624dbe5d52bb8,https://robinhoodchain.blockscout.com/address/0x03ba951f72e59899ac8dab30cb5624dbe5d52bb8,robinhood,4663,174880,616,371,245,3486433.7660791446,-60114.21194962671,547194.0364476907,487079.824498064,119,41,0.3445378151260504,103122.34201326457,-30126.050539000003,63,1788887220,,pending
Binkieee,Binkieee,Binkieee,https://fomo.family/profile/Binkieee,0xd874259110c6e086f1d2fee474b73e69b8f5dab0,https://robinhoodchain.blockscout.com/address/0xd874259110c6e086f1d2fee474b73e69b8f5dab0,robinhood,4663,151246,313,207,106,1010367.9348353931,-199434.03550091834,-160787.36161080416,-360221.3971117225,46,12,0.2608695652173913,2698.6299010000002,-18828.192670179822,41,1788851239,,pending
tjrtradez,tjrtradez,tjrtradez,https://fomo.family/profile/tjrtradez,0x7b80bf27ccfda847aef81790a7547c5e14da36ef,https://robinhoodchain.blockscout.com/address/0x7b80bf27ccfda847aef81790a7547c5e14da36ef,robinhood,4663,145085,41,19,22,297616.2195180379,-39045.70925996208,-2349.6331027857354,-41395.34236274782,11,3,0.2727272727272727,17772.372892000007,-40943.080799,6,1788792920,,pending
remusofmars,remusofmars,remus 🐂🀄️,https://fomo.family/profile/remusofmars,0x8ab8c0843d9738885d6273dfe3de86c56eea364c,https://robinhoodchain.blockscout.com/address/0x8ab8c0843d9738885d6273dfe3de86c56eea364c,robinhood,4663,143043,298,186,112,429259.10287517833,44116.40483456531,137029.37569875468,181145.78053331998,94,51,0.5425531914893617,11643.953979256625,-3559.2522609999996,39,1788886199,,pending
orangie,orangie,orangie,https://fomo.family/profile/orangie,0x0eb6f8e5c8bc7d5c920d485b7b3d52e56cdef21f,https://robinhoodchain.blockscout.com/address/0x0eb6f8e5c8bc7d5c920d485b7b3d52e56cdef21f,robinhood,4663,130534,220,141,79,674478.4572051296,-37668.3756822894,14898.971815143857,-22769.403867145542,42,15,0.35714285714285715,34975.233589,-10690.207131651068,17,1788876994,,pending
theveeman,theveeman,Vee,https://fomo.family/profile/theveeman,0xa0670863bd5cd0d60022bab2eed78e81e1a06bce,https://robinhoodchain.blockscout.com/address/0xa0670863bd5cd0d60022bab2eed78e81e1a06bce,robinhood,4663,129105,94,54,40,199248.06958578588,-50185.03895917414,3252393.4671196947,3202208.4281605207,19,4,0.21052631578947367,810.859502999996,-10772.770958620038,30,1788874132,,pending
brezscales,brezscales,Brez,https://fomo.family/profile/brezscales,0xa70dd65d01cc4eb190822261a114f4110fa5d8ef,https://robinhoodchain.blockscout.com/address/0xa70dd65d01cc4eb190822261a114f4110fa5d8ef,robinhood,4663,128205,55,30,25,199474.72770423308,-28160.71802252938,-20081.069876074784,-48241.78789860416,13,4,0.3076923076923077,2689.0337820000004,-11370.677953,11,1788883985,,pending
AlertSilkyLoon,AlertSilkyLoon,AlertSilkyLoon,https://fomo.family/profile/AlertSilkyLoon,0xc6c341eee69f681ca8efa59aa167fecb2a2f0db5,https://robinhoodchain.blockscout.com/address/0xc6c341eee69f681ca8efa59aa167fecb2a2f0db5,robinhood,4663,121374,0,0,0,0,0,0,0,0,0,,,,0,,,pending
songz,songz,songz,https://fomo.family/profile/songz,0xd3a61ba3bd055f6aa962cc7554e117b4baf8d0a5,https://robinhoodchain.blockscout.com/address/0xd3a61ba3bd055f6aa962cc7554e117b4baf8d0a5,robinhood,4663,120552,108,73,35,384372.6127379248,-140982.36116450236,14472.920459695812,-126509.44070480655,17,4,0.23529411764705882,1100.0679069999996,-16889.295806726168,6,1788703891,,pending
loganlim_x,loganlim_x,Logan Lim,https://fomo.family/profile/loganlim_x,0x8224c04a8f66557df682fd0581eb3724bd2bee07,https://robinhoodchain.blockscout.com/address/0x8224c04a8f66557df682fd0581eb3724bd2bee07,robinhood,4663,119317,414,261,153,2601105.3279077234,-100164.73936899987,-1129.4844685810385,-101294.22383758091,28,13,0.4642857142857143,112049.17091999999,-164333.96188213705,11,1788887922,,pending
jotagezin,jotagezin,jg,https://fomo.family/profile/jotagezin,0xc1d4b5e64473fd90bf0390a1e0b61876064fd503,https://robinhoodchain.blockscout.com/address/0xc1d4b5e64473fd90bf0390a1e0b61876064fd503,robinhood,4663,118738,8,7,1,18632.458889711383,-3685.6147212886162,-10125.820502506785,-13811.4352237954,1,0,0,-3685.6147212886162,-3685.6147212886162,6,1788825250,,pending
Pasterniq,Pasterniq,Pasterniq,https://fomo.family/profile/Pasterniq,0x6c1234dc73ee99934e8553ac82c4b0755f09a80a,https://robinhoodchain.blockscout.com/address/0x6c1234dc73ee99934e8553ac82c4b0755f09a80a,robinhood,4663,117189,334,248,86,1583514.7157326709,-185647.9807612525,-3525.071691387957,-189173.05245264043,42,4,0.09523809523809523,4647.161270999999,-23286.020097000015,11,1788886441,,pending
The__Solstice,The__Solstice,TheS◎Lstice,https://fomo.family/profile/The__Solstice,0xd1c77a04b87393e98a1220532e72e8f7d0a31c5a,https://robinhoodchain.blockscout.com/address/0xd1c77a04b87393e98a1220532e72e8f7d0a31c5a,robinhood,4663,110961,80,44,36,206928.41230984838,635.814357054657,1364.7422427591955,2000.5565998138525,26,26,1,438.85787912580037,1.5750597286901453,25,1788887047,,pending
397397,397397,Lasercat397,https://fomo.family/profile/397397,0xcbaea88c17888e3c7b84117bd6ebbdbf4f95b810,https://robinhoodchain.blockscout.com/address/0xcbaea88c17888e3c7b84117bd6ebbdbf4f95b810,robinhood,4663,109719,105,73,32,683354.1900726756,144052.66058851755,12931705.39522719,13075758.055815708,20,9,0.45,9134.042564,-64365.76732800001,39,1788874068,,pending
AvgJoesCrypto,AvgJoesCrypto,AJC,https://fomo.family/profile/AvgJoesCrypto,0x06de9c48b1e639ed5c13ec8fbd4080a38e39f2d1,https://robinhoodchain.blockscout.com/address/0x06de9c48b1e639ed5c13ec8fbd4080a38e39f2d1,robinhood,4663,105301,966,101,865,1101339.060877561,-7793.82195990873,287261.73428522155,279467.91232531285,65,49,0.7538461538461538,1416.8645500000002,-1240.9757519999998,86,1788885468,,pending
insentos,insentos,insentos,https://fomo.family/profile/insentos,0x93c006f2051cb72168cf8c27cafe0fb2d71682c8,https://robinhoodchain.blockscout.com/address/0x93c006f2051cb72168cf8c27cafe0fb2d71682c8,robinhood,4663,101544,130,94,36,545807.8552473559,18187.682607933275,55220.297726480996,73407.98033441427,28,17,0.6071428571428571,10786.396239000002,-2029.3707050000012,24,1788885970,,pending
RuneCrypto_,RuneCrypto_,RUNE,https://fomo.family/profile/RuneCrypto_,0x180906a0ef400e4747eac35d4e02ffa18979e328,https://robinhoodchain.blockscout.com/address/0x180906a0ef400e4747eac35d4e02ffa18979e328,robinhood,4663,101049,99,75,24,815758.0658774022,-183738.3379112166,1501.8210400409444,-182236.51687117567,8,4,0.5,4555.921004,-17982.693096000003,19,1788887754,,pending
MemeKingdom,MemeKingdom,KING 👑,https://fomo.family/profile/MemeKingdom,0xde7c85ed0520221b7d5802753366410fc8eba6d7,https://robinhoodchain.blockscout.com/address/0xde7c85ed0520221b7d5802753366410fc8eba6d7,robinhood,4663,97031,12,11,1,3404.4704382700324,0,-144.53631089085047,-144.53631089085047,0,0,,,,8,1788822044,,pending
DipWheeler,DipWheeler,Dip Wheeler,https://fomo.family/profile/DipWheeler,0x28a92ff139536c780b3d8b172e68bd2d32a666a6,https://robinhoodchain.blockscout.com/address/0x28a92ff139536c780b3d8b172e68bd2d32a666a6,robinhood,4663,91431,249,155,94,566063.6048521725,-30957.287183926437,115252.5314551553,84295.24427122886,59,26,0.4406779661016949,29649.598178000004,-8717.649013999999,24,1788881160,,pending
ResellCalendar,ResellCalendar,RC,https://fomo.family/profile/ResellCalendar,0xf7c0d9aee226b632a25b1c096d8c285ed20d55b1,https://robinhoodchain.blockscout.com/address/0xf7c0d9aee226b632a25b1c096d8c285ed20d55b1,robinhood,4663,89291,232,152,80,353900.57978605776,45912.741130965274,-16810.349566389617,29102.391564575657,26,11,0.4230769230769231,30775.865004000007,-5145.973903,60,1788885764,,pending
wrld_sol,wrld_sol,wrld,https://fomo.family/profile/wrld_sol,0xeea1a89465e31fbd95ab99b2f81ab3b974cb674e,https://robinhoodchain.blockscout.com/address/0xeea1a89465e31fbd95ab99b2f81ab3b974cb674e,robinhood,4663,89160,76,54,22,212617.21117333745,32565.001935371554,25225.800394409394,57790.80232978095,12,8,0.6666666666666666,2182.492198,-5472.238555,25,1788843206,,pending
Natan_benish,Natan_benish,Nate,https://fomo.family/profile/Natan_benish,0x1890e719822bc704c4f117aa4109401c2bab6f79,https://robinhoodchain.blockscout.com/address/0x1890e719822bc704c4f117aa4109401c2bab6f79,robinhood,4663,84966,46,46,0,51613.993031850216,0,-18530.298445165532,-18530.298445165532,0,0,,,,66,1788878244,,pending
brrrgrrrz,brrrgrrrz,Burgz,https://fomo.family/profile/brrrgrrrz,0x8e4f5d00a5f4d7877a0f66b98fdf9d40323bc52a,https://robinhoodchain.blockscout.com/address/0x8e4f5d00a5f4d7877a0f66b98fdf9d40323bc52a,robinhood,4663,78421,146,88,58,1234280.9159628677,-21316.530137497743,119786.26586379347,98469.73572629572,7,4,0.5714285714285714,4472.851964416326,-25502.232732999993,34,1788880022,,pending
jaketradesfr,jaketradesfr,JakeTradesFr,https://fomo.family/profile/jaketradesfr,0xd0e8309317dc4f07052df00e0e0c4a81e287b3a9,https://robinhoodchain.blockscout.com/address/0xd0e8309317dc4f07052df00e0e0c4a81e287b3a9,robinhood,4663,76564,6,3,3,352.219678,139.098874,0,139.098874,3,2,0.6666666666666666,101.54079999999999,-0.08393699999999882,0,1788392895,,pending
econoar,econoar,eric.eth,https://fomo.family/profile/econoar,0x1605b59dfe3c1742c815d604aab6a2faa3a5c91f,https://robinhoodchain.blockscout.com/address/0x1605b59dfe3c1742c815d604aab6a2faa3a5c91f,robinhood,4663,66777,442,354,88,3079859.0106175775,47226.767530195386,1848590.5352043868,1895817.3027345822,57,20,0.3508771929824561,71706.59159233388,-8497.263373,62,1788886441,,pending
fmpumpguy,fmpumpguy,fomopumpguy,https://fomo.family/profile/fmpumpguy,0xb0e9dcce59a1526c4277168a2505993d303f6060,https://robinhoodchain.blockscout.com/address/0xb0e9dcce59a1526c4277168a2505993d303f6060,robinhood,4663,65621,310,166,144,282278.45349741075,-51553.03437570294,4478.365982906213,-47074.668392796724,138,45,0.32608695652173914,4707.150638,-12420.669487508987,21,1788843936,,pending
DopamineFeenFr1,DopamineFeenFr1,DopamineFeenFr1,https://fomo.family/profile/DopamineFeenFr1,0xbdce13a1cadea23a61013fbfb470c7eef4ba9520,https://robinhoodchain.blockscout.com/address/0xbdce13a1cadea23a61013fbfb470c7eef4ba9520,robinhood,4663,64149,826,458,368,617545.9897623156,17533.031607709065,-7858.875961919213,9674.155645789851,58,17,0.29310344827586204,16954.259641693694,-13008.202479000003,18,1788886735,,pending
0xleo,0xleo,leo,https://fomo.family/profile/0xleo,0xeb0f432beecf10dcc828fc1e36a3386caf634637,https://robinhoodchain.blockscout.com/address/0xeb0f432beecf10dcc828fc1e36a3386caf634637,robinhood,4663,63943,132,122,10,961783.8212153089,-119842.90747899986,74973.94748629548,-44868.959992704375,2,0,0,-9863.783952000005,-109979.12352699987,5,1788887963,,pending
bruisedwm,bruisedwm,bruisedwatermoon,https://fomo.family/profile/bruisedwm,0xd53bc2a5914fe5742ba1f3e6234cbfbeaff1d6d5,https://robinhoodchain.blockscout.com/address/0xd53bc2a5914fe5742ba1f3e6234cbfbeaff1d6d5,robinhood,4663,62296,0,0,0,0,0,0,0,0,0,,,,0,,,pending
smol_intern,smol_intern,ₛₘₒₗ intern 💡,https://fomo.family/profile/smol_intern,0x194db29f5bebacf3201abc9dbdda452116a3ff23,https://robinhoodchain.blockscout.com/address/0x194db29f5bebacf3201abc9dbdda452116a3ff23,robinhood,4663,60334,630,344,286,1598439.2414880903,243325.55658498532,40940.289493746124,284265.84607873147,69,39,0.5652173913043478,100767.18971000002,-15270.64112,25,1788887223,,pending
feeeq,feeeq,feeq 🍀,https://fomo.family/profile/feeeq,0xfdfac5700c28661646255f1c7ce137f70943e9d0,https://robinhoodchain.blockscout.com/address/0xfdfac5700c28661646255f1c7ce137f70943e9d0,robinhood,4663,57719,269,171,98,427010.60614224715,-61930.464127358995,-3834.740740156214,-65765.2048675152,56,11,0.19642857142857142,6959.226673999999,-25687.491512575685,2,1788879760,,pending
boosteryting,boosteryting,Jack,https://fomo.family/profile/boosteryting,0x5b30d0e72d624e0717d038a1982c88062c97de9a,https://robinhoodchain.blockscout.com/address/0x5b30d0e72d624e0717d038a1982c88062c97de9a,robinhood,4663,57128,346,163,183,258181.07773825206,-95089.28635366797,12262.427679793094,-82826.85867387487,35,22,0.6285714285714286,1750.5973996157318,-60329.824314,6,1788886347,,pending
rasmr,rasmr,rasmr,https://fomo.family/profile/rasmr,0x2fbd041a069bb3d7099d55179169091cfeec4221,https://robinhoodchain.blockscout.com/address/0x2fbd041a069bb3d7099d55179169091cfeec4221,robinhood,4663,56977,285,175,110,2489254.393220915,214526.24517207828,353290.78072525957,567817.0258973378,45,22,0.4888888888888889,35988.210687,-9408.498342999996,38,1788878282,,pending
traderpow,traderpow,pow🧲,https://fomo.family/profile/traderpow,0xbe38d196d1378f8388c94c3ed73c3c11632eea7e,https://robinhoodchain.blockscout.com/address/0xbe38d196d1378f8388c94c3ed73c3c11632eea7e,robinhood,4663,55653,533,342,191,3505266.333586879,-402057.6496884008,7375.376271059009,-394682.27341734176,38,11,0.2894736842105263,81999.00748573331,-14352.126044999997,27,1788881872,,pending
Dxranteth,Dxranteth,Dxrant,https://fomo.family/profile/Dxranteth,0x5a036136290afa666f012ad6dc2ee48aef46998e,https://robinhoodchain.blockscout.com/address/0x5a036136290afa666f012ad6dc2ee48aef46998e,robinhood,4663,54553,140,112,28,1527809.5099573426,11275.025629384161,660831257.0056041,660842532.0312335,12,3,0.25,108847.16790599999,-43698.52351286994,19,1788886441,,pending
ogle,ogle,ogle,https://fomo.family/profile/ogle,0x1bcc5f67cd17e13770f199fa03bc043b0cde1143,https://robinhoodchain.blockscout.com/address/0x1bcc5f67cd17e13770f199fa03bc043b0cde1143,robinhood,4663,54353,119,90,29,162024.50690677404,-10231.550124002131,106239.62727671103,96008.07715270891,12,5,0.4166666666666667,5112.208541999999,-3320.9854020000002,65,1788836930,,pending
pingucharts,pingucharts,Pingu Charts,https://fomo.family/profile/pingucharts,0x281d6b1de357372bcba4f190748a6cedc655f0fd,https://robinhoodchain.blockscout.com/address/0x281d6b1de357372bcba4f190748a6cedc655f0fd,robinhood,4663,52729,145,96,49,276670.333145,-61217.854578273116,-0.5106625714115216,-61218.36524084453,20,9,0.45,9454.466415,-39260.573413000006,3,1788801519,,pending
notanicecat69,notanicecat69,Wood,https://fomo.family/profile/notanicecat69,0xb02208d1b27811480cf6171bccc2b7af9513cddb,https://robinhoodchain.blockscout.com/address/0xb02208d1b27811480cf6171bccc2b7af9513cddb,robinhood,4663,52477,262,118,144,1890284.1507400011,111834.21965244964,55131.95063064236,166966.170283092,27,9,0.3333333333333333,50496.31595,-14652.592657999994,16,1788884558,,pending
ChronixTradez,ChronixTradez,ChronixTradez,https://fomo.family/profile/ChronixTradez,0xacc827b0e8ac300783f1c228b066bddcd04db9bf,https://robinhoodchain.blockscout.com/address/0xacc827b0e8ac300783f1c228b066bddcd04db9bf,robinhood,4663,48853,0,0,0,0,0,0,0,0,0,,,,0,,,pending
Juicycooks,Juicycooks,juicy,https://fomo.family/profile/Juicycooks,0x6ed3b31b6062679868c1036d3667c44afad44d56,https://robinhoodchain.blockscout.com/address/0x6ed3b31b6062679868c1036d3667c44afad44d56,robinhood,4663,44845,60,42,18,316806.96469255723,-104454.3818318718,-44288.92103954706,-148743.30287141885,2,2,1,377.31453899999997,267.8550580000001,6,1788819917,,pending
andy,andy,andy,https://fomo.family/profile/andy,0x3ecbecb8e47702249842c29cc5aed564ad1fa84b,https://robinhoodchain.blockscout.com/address/0x3ecbecb8e47702249842c29cc5aed564ad1fa84b,robinhood,4663,43692,317,169,148,1100656.0010297957,-171949.01448461795,10525.487352994607,-161423.52713162333,112,46,0.4107142857142857,3024.336987,-31237.82969402615,6,1788789816,,pending
Laolu,Laolu,Laolu,https://fomo.family/profile/Laolu,0xc427f2b60a2baaae61e00c7aa3b9a723f6f76566,https://robinhoodchain.blockscout.com/address/0xc427f2b60a2baaae61e00c7aa3b9a723f6f76566,robinhood,4663,43222,30,24,6,71230.09666299255,-4475.066932090777,-23233.603856102753,-27708.67078819353,0,0,,,,4,1788867984,,pending
airtightfish,airtightfish,Squid,https://fomo.family/profile/airtightfish,0x7e852343bfb6fae0fde911db16c8fcdca3b43bfd,https://robinhoodchain.blockscout.com/address/0x7e852343bfb6fae0fde911db16c8fcdca3b43bfd,robinhood,4663,42563,14,6,8,140722.78292646786,-27114.494698532144,-264.1476952251478,-27378.64239375729,5,1,0.2,4004.8807890000026,-23527.414994914292,1,1788871437,,pending
0xnobi,0xnobi,nobi,https://fomo.family/profile/0xnobi,0x8afc1142f5d3ca6c55bbc8c81d0c9cdf2cce380c,https://robinhoodchain.blockscout.com/address/0x8afc1142f5d3ca6c55bbc8c81d0c9cdf2cce380c,robinhood,4663,41880,94,86,8,47211.21743050861,-1880.9004280000001,-2568.688353103331,-4449.588781103331,3,0,0,-145.492213,-1079.647081,51,1788877638,,pending
0xFalcs,0xFalcs,Falcs,https://fomo.family/profile/0xFalcs,0x1cd026a1d83f8077100c9e98ccd29507a7b8844e,https://robinhoodchain.blockscout.com/address/0x1cd026a1d83f8077100c9e98ccd29507a7b8844e,robinhood,4663,41030,12,11,1,47971.18429268983,-3144.7718150000014,1524.5137625324824,-1620.258052467519,1,0,0,-3144.771815000002,-3144.771815000002,2,1788624484,,pending
icemandot,icemandot,Ice,https://fomo.family/profile/icemandot,0x672a45d3e05f3d2152b7e5b57fe2030d6de823eb,https://robinhoodchain.blockscout.com/address/0x672a45d3e05f3d2152b7e5b57fe2030d6de823eb,robinhood,4663,40932,0,0,0,0,0,0,0,0,0,,,,0,,,pending
FartmanSacks,FartmanSacks,Fartman Sacks,https://fomo.family/profile/FartmanSacks,0x7f6e4e1e59be05dc717c8e5429154a7408609ee2,https://robinhoodchain.blockscout.com/address/0x7f6e4e1e59be05dc717c8e5429154a7408609ee2,robinhood,4663,40400,544,339,205,4776526.318942716,-576558.8274066343,1372531.3882835712,795972.5608769369,44,13,0.29545454545454547,37011.37986547484,-79004.585356,45,1788886441,,pending
sadcrissy,sadcrissy,Crissy,https://fomo.family/profile/sadcrissy,0xfec1002223824973bcd7907d133b4c027beb40c0,https://robinhoodchain.blockscout.com/address/0xfec1002223824973bcd7907d133b4c027beb40c0,robinhood,4663,40262,236,46,190,173320.7840020426,-27666.183493370536,1.0622353334611034,-27665.121258037074,13,7,0.5384615384615384,9543.294460999998,-27262.177355999997,7,1788886517,,pending
MINHxDYNASTY,MINHxDYNASTY,MXD,https://fomo.family/profile/MINHxDYNASTY,0xa984149da86ad9cc8d67a47e3d7b57adb1415502,https://robinhoodchain.blockscout.com/address/0xa984149da86ad9cc8d67a47e3d7b57adb1415502,robinhood,4663,40088,322,194,128,468902.4740350149,-36700.82983361389,0,-36700.82983361389,23,8,0.34782608695652173,21965.059353999997,-9094.856392,10,1788880191,,pending
Scrooge,Scrooge,Scrooge McCoin,https://fomo.family/profile/Scrooge,0x7c3725c906090397dd62434d70c093d3713efe77,https://robinhoodchain.blockscout.com/address/0x7c3725c906090397dd62434d70c093d3713efe77,robinhood,4663,40044,8,6,2,2730.475456,-112.78763121624098,-690.3674519301283,-803.1550831463692,5,3,0.6,820.7427799563468,-890.7031935948697,2,1788622336,,pending
31337___,31337___,31337,https://fomo.family/profile/31337___,0xc9cafef2258a07f8455da92438360318b34848e2,https://robinhoodchain.blockscout.com/address/0xc9cafef2258a07f8455da92438360318b34848e2,robinhood,4663,38780,863,609,254,674539.2675588833,1969.4921426692629,-17557.130870762478,-15587.638728093214,211,104,0.4928909952606635,10654.030456999999,-2570.5492050000003,59,1788887771,,pending
0xuberM,0xuberM,UM,https://fomo.family/profile/0xuberM,0xcf6cdf01acb524d8e53d1d13b1a89fcadbd7034c,https://robinhoodchain.blockscout.com/address/0xcf6cdf01acb524d8e53d1d13b1a89fcadbd7034c,robinhood,4663,38218,2,0,2,5675.646898,0,-1.0712550000000003,-1.0712550000000003,0,0,,,,1,1788084267,,pending
XVentures,XVentures,X Ventures,https://fomo.family/profile/XVentures,0x274a38d48225256add28fb78c5e22df1fcacced7,https://robinhoodchain.blockscout.com/address/0x274a38d48225256add28fb78c5e22df1fcacced7,robinhood,4663,37341,5,4,1,26536.253382,0,32417.461499164343,32417.461499164343,0,0,,,,2,1788604118,,pending
SolSwizzle,SolSwizzle,Swizzle,https://fomo.family/profile/SolSwizzle,0x44fbe0006661d6d17188f1f6d42b32b5577179f7,https://robinhoodchain.blockscout.com/address/0x44fbe0006661d6d17188f1f6d42b32b5577179f7,robinhood,4663,37177,505,309,196,2144039.4244331145,-147694.24210150287,106456.10570121233,-41238.13640029053,25,10,0.4,12660.524569666828,-38592.10768600002,17,1788882449,,pending
Pixel_,Pixel_,Pixel 🦄,https://fomo.family/profile/Pixel_,0x437499da368d17bdb13d6aae97c2c530d0adbda1,https://robinhoodchain.blockscout.com/address/0x437499da368d17bdb13d6aae97c2c530d0adbda1,robinhood,4663,37069,6,3,3,4209.1887320000005,-694.0116840000001,0,-694.0116840000001,3,0,0,-109.24520600000005,-440.928174,1,1788749754,,pending
Thokani,Thokani,Thokani 🕊️,https://fomo.family/profile/Thokani,0xe6a5f7f6de90d5693fac766fca4d0d3214f95083,https://robinhoodchain.blockscout.com/address/0xe6a5f7f6de90d5693fac766fca4d0d3214f95083,robinhood,4663,36836,0,0,0,0,0,0,0,0,0,,,,2,,,pending
darkuwu,darkuwu,dark 🦄,https://fomo.family/profile/darkuwu,0x1e4d574fb1e311f9255e9453cde36965de7ba905,https://robinhoodchain.blockscout.com/address/0x1e4d574fb1e311f9255e9453cde36965de7ba905,robinhood,4663,36550,0,0,0,0,0,0,0,0,0,,,,0,,,pending
techquant,techquant,techquant,https://fomo.family/profile/techquant,0xefa334e0ac768ac01124cb9c13ac90c1a1f3d218,https://robinhoodchain.blockscout.com/address/0xefa334e0ac768ac01124cb9c13ac90c1a1f3d218,robinhood,4663,36220,88,56,32,541837.9727783311,-16971.251587570434,0,-16971.251587570434,24,15,0.625,19496.787143999998,-11187.249700999999,0,1788886302,,pending
bluntz_capital,bluntz_capital,bluntz,https://fomo.family/profile/bluntz_capital,0x551ee8420d4a1711e5f63eb47c532738940805c8,https://robinhoodchain.blockscout.com/address/0x551ee8420d4a1711e5f63eb47c532738940805c8,robinhood,4663,34921,423,302,121,5667277.361133771,-307734.13846492773,9030339.16958441,8722605.031119483,36,20,0.5555555555555556,58242.504077219986,-110370.5546136169,22,1788886166,,pending
nosanityxbt,nosanityxbt,nosanity,https://fomo.family/profile/nosanityxbt,0x32a8afff3e4197a5044f554149a2f2e946fcd0f0,https://robinhoodchain.blockscout.com/address/0x32a8afff3e4197a5044f554149a2f2e946fcd0f0,robinhood,4663,34880,627,301,326,1057098.0066588698,125179.62554001028,11544.471266590503,136724.09680660078,31,17,0.5483870967741935,15943.028691000003,-8521.999872,4,1788880197,,pending
harrisontrades,harrisontrades,Harrison Trades,https://fomo.family/profile/HarrisonTrades,0x004fdb6f414df5655b3fa2441d0edabb1656077e,https://robinhoodchain.blockscout.com/address/0x004fdb6f414df5655b3fa2441d0edabb1656077e,robinhood,4663,34524,12,5,7,4723.958293,1341.1525900000001,-36.8261261251069,1304.3264638748933,3,2,0.6666666666666666,1530.645954,-272.7012180000001,1,1788636167,,pending
inyourwalls,inyourwalls,inyourwalls,https://fomo.family/profile/inyourwalls,0xefe9764acb00822338a80f907075c53f60a5781e,https://robinhoodchain.blockscout.com/address/0xefe9764acb00822338a80f907075c53f60a5781e,robinhood,4663,34296,133,63,70,1013819.305337824,-90595.61775595704,243751.60997728625,153155.99222132922,21,9,0.42857142857142855,1508.957451,-54485.531319,17,1788883561,,pending
boosted,boosted,mk4,https://fomo.family/profile/boosted,0xe53a38e714af50e908e336f6eb6f0d0df720cb6c,https://robinhoodchain.blockscout.com/address/0xe53a38e714af50e908e336f6eb6f0d0df720cb6c,robinhood,4663,33958,319,292,27,209422.627116,-5764.951412000001,-45509.91748903059,-51274.86890103059,13,4,0.3076923076923077,2659.7478919999985,-10234.952516000001,26,1788869025,,pending
lesabre,lesabre,lesabre,https://fomo.family/profile/lesabre,0x06845ad055d85dfec55d7a126cd8fea30e784c01,https://robinhoodchain.blockscout.com/address/0x06845ad055d85dfec55d7a126cd8fea30e784c01,robinhood,4663,33574,20,18,2,32287.110012,-19305.879468,8879.654042736478,-10426.225425263521,2,0,0,-9012.732299,-10293.147169,1,1788842542,,pending
smokey0x,smokey0x,SmokΞy,https://fomo.family/profile/smokey0x,0x11be90061fe0cf45f075ca51ae0c3bcb69c28b1d,https://robinhoodchain.blockscout.com/address/0x11be90061fe0cf45f075ca51ae0c3bcb69c28b1d,robinhood,4663,33416,3,3,0,281289.940535,0,22345.03481740266,22345.03481740266,0,0,,,,2,1788744315,,pending
kyle,kyle,kyle,https://fomo.family/profile/kyle,0x39b337121494b10cffe3e581ab3281b2d62c5b08,https://robinhoodchain.blockscout.com/address/0x39b337121494b10cffe3e581ab3281b2d62c5b08,robinhood,4663,32180,371,229,142,703996.3533298518,-28024.98830301049,446879.8449758982,418854.85667288775,48,27,0.5625,4442.988002999999,-30154.44172999808,67,1788879594,,pending
BinkBinkBink,BinkBinkBink,BinkBinkBink,https://fomo.family/profile/BinkBinkBink,0xd656874c65087906fb71a70e3f5396bd4bf96003,https://robinhoodchain.blockscout.com/address/0xd656874c65087906fb71a70e3f5396bd4bf96003,robinhood,4663,31758,2,2,0,396.713982,0,-394.5436582632533,-394.5436582632533,0,0,,,,2,1788017018,,pending
himgajria,himgajria,Him,https://fomo.family/profile/himgajria,0xd4cf04bc9d7c80b49c6c30a633f7b9bd5370b4d6,https://robinhoodchain.blockscout.com/address/0xd4cf04bc9d7c80b49c6c30a633f7b9bd5370b4d6,robinhood,4663,31665,173,152,21,1888699.9432698672,136488.80183680356,926580.8847018357,1063069.6865386392,2,1,0.5,190555.834314,-2341.3716120000026,42,1788886441,,pending
fibs,fibs,"fibs (6,9)",https://fomo.family/profile/fibs,0x80f3b0b712a82172a67e454e313ba6e2b0e7ae64,https://robinhoodchain.blockscout.com/address/0x80f3b0b712a82172a67e454e313ba6e2b0e7ae64,robinhood,4663,31047,1221,639,582,1406497.2226840425,42628.34526818132,-4673.603335599932,37954.74193258139,343,142,0.4139941690962099,35106.634552999996,-14596.907482644916,17,1788887070,,pending
leyten,leyten,leyten,https://fomo.family/profile/leyten,0x1beb529c1796915582ae43f0d143361b94d9944a,https://robinhoodchain.blockscout.com/address/0x1beb529c1796915582ae43f0d143361b94d9944a,robinhood,4663,29022,35,22,13,210564.86757418312,-19636.049055374056,-569.9261323683971,-20205.975187742453,6,2,0.3333333333333333,284.76015400000006,-2949.5279560000004,1,1788537282,,pending
MomoOnChain,MomoOnChain,Momo,https://fomo.family/profile/MomoOnChain,0x1e3afa077a96702374e7cea461da4229e288f25a,https://robinhoodchain.blockscout.com/address/0x1e3afa077a96702374e7cea461da4229e288f25a,robinhood,4663,28411,297,162,135,1241545.9849369715,-127674.5923766921,0,-127674.5923766921,51,27,0.5294117647058824,15236.182041999993,-7146.578179999997,0,1788881071,,pending
CryptoKaleo,CryptoKaleo,K A L E O,https://fomo.family/profile/CryptoKaleo,0xd770b3db81dd31afb3d294496d66509302f3665e,https://robinhoodchain.blockscout.com/address/0xd770b3db81dd31afb3d294496d66509302f3665e,robinhood,4663,27961,209,207,2,381202.29330575105,-56.149872,-16254.385734948293,-16310.535606948293,1,0,0,-56.149872,-56.149872,5,1788886256,,pending
Samisa_btc,Samisa_btc,samisa,https://fomo.family/profile/Samisa_btc,0xd73d6b8b9e875569c0f03c572a3806e619bcbec2,https://robinhoodchain.blockscout.com/address/0xd73d6b8b9e875569c0f03c572a3806e619bcbec2,robinhood,4663,27574,25,19,6,32161.702132814466,-1854.8304302137622,-2185.1059389768343,-4039.9363691905965,4,2,0.5,6.426944,-2112.475817,16,1788885087,,pending
GaryTheGambler,GaryTheGambler,Gary the Gambler,https://fomo.family/profile/GaryTheGambler,0x2efd96243e9cd6a512b2ddb3bef14fc9ce33a580,https://robinhoodchain.blockscout.com/address/0x2efd96243e9cd6a512b2ddb3bef14fc9ce33a580,robinhood,4663,27081,0,0,0,0,0,0,0,0,0,,,,0,,,pending
Nygor,Nygor,Nygor,https://fomo.family/profile/Nygor,0xbdc2d9aa7afe8824688d2fdba0873fb26c657d57,https://robinhoodchain.blockscout.com/address/0xbdc2d9aa7afe8824688d2fdba0873fb26c657d57,robinhood,4663,26990,0,0,0,0,0,0,0,0,0,,,,0,,,pending
TheDonAlpha_,TheDonAlpha_,Don Alpha,https://fomo.family/profile/TheDonAlpha_,0x6ac31557234e5fe1582eb6f338c169315c433095,https://robinhoodchain.blockscout.com/address/0x6ac31557234e5fe1582eb6f338c169315c433095,robinhood,4663,26207,46,30,16,14917.110163177922,-2589.270368822078,-0.0008684870305373238,-2589.2712373091085,14,5,0.35714285714285715,642.8586050000001,-551.9586765842305,3,1788827720,,pending
UPNEXT,UPNEXT,UPNEXT,https://fomo.family/profile/UPNEXT,0xfc2582ef1bff1de69d73ebf482ed9c14d2c59f3a,https://robinhoodchain.blockscout.com/address/0xfc2582ef1bff1de69d73ebf482ed9c14d2c59f3a,robinhood,4663,26047,108,68,40,847715.059700424,-211491.39985896845,-68.73594368582516,-211560.1358026543,12,4,0.3333333333333333,6812.823543,-64500.907182,12,1788274484,,pending
VexRex23,VexRex23,Ayovex🦕,https://fomo.family/profile/VexRex23,0x63e43e07634ea089af36bed112fd86f2e899d490,https://robinhoodchain.blockscout.com/address/0x63e43e07634ea089af36bed112fd86f2e899d490,robinhood,4663,26005,293,131,162,1406795.782401454,-51356.53189620807,-898.4128242608273,-52254.9447204689,9,4,0.4444444444444444,7170.682623955421,-2666.6954250000003,2,1788886371,,pending
cosby,cosby,cosby,https://fomo.family/profile/cosby,0xf1882812aacac1df9a58195dbbd2f97fe48f81f2,https://robinhoodchain.blockscout.com/address/0xf1882812aacac1df9a58195dbbd2f97fe48f81f2,robinhood,4663,25182,257,160,97,1069573.8079184173,-47405.5389013717,5067369.579769906,5019964.040868534,7,3,0.42857142857142855,1006.5887933410995,-4023.875828578779,15,1788886166,,pending
cryptolyxe,cryptolyxe,lyxe,https://fomo.family/profile/cryptolyxe,0xf7514424abb4ced3a637511a7557eaaa44188a37,https://robinhoodchain.blockscout.com/address/0xf7514424abb4ced3a637511a7557eaaa44188a37,robinhood,4663,25133,36,13,23,26436.91704565568,-12294.9857846057,21.156742138889754,-12273.82904246681,2,0,0,-1733.1612527757259,-6816.332547,5,1788826419,,pending
MEADGod,MEADGod,Ozzy,https://fomo.family/profile/MEADGod,0xf89f3858bc7bac05a83ec284e3e9acdb58bf892a,https://robinhoodchain.blockscout.com/address/0xf89f3858bc7bac05a83ec284e3e9acdb58bf892a,robinhood,4663,24607,319,317,2,909417.2195889092,2723.270052790112,-566338.508539726,-563615.238486936,4,3,0.75,175.33074599999995,-12.66772031561612,59,1788887249,,pending
kingprodi,kingprodi,PRODIGY,https://fomo.family/profile/kingprodi,0xaf161d9cf7841f58808a0638d06cfc7239774574,https://robinhoodchain.blockscout.com/address/0xaf161d9cf7841f58808a0638d06cfc7239774574,robinhood,4663,24155,2,1,1,5118.703636,511.0720799999999,0,511.0720799999999,1,1,1,511.0720799999999,511.0720799999999,0,1788025871,,pending
KayInvests,KayInvests,Kay Invests,https://fomo.family/profile/KayInvests,0x18d1194a00d53da05cf89c71ce6d70389ba57a59,https://robinhoodchain.blockscout.com/address/0x18d1194a00d53da05cf89c71ce6d70389ba57a59,robinhood,4663,23611,10,5,5,852.285355,53.981601,0,53.981601,5,3,0.6,52.60397400000001,-4.874104,0,1788737713,,pending
game_for_one,game_for_one,game,https://fomo.family/profile/game_for_one,0xd4ba7169e9f89ffa94cbbb41b0df668eee25737d,https://robinhoodchain.blockscout.com/address/0xd4ba7169e9f89ffa94cbbb41b0df668eee25737d,robinhood,4663,23491,180,52,128,134118.46127493188,15459.785164164185,0,15459.785164164185,12,10,0.8333333333333334,2357.085871,-858.9233290000002,1,1788879244,,pending
stigstigstig_,stigstigstig_,Still in the Game,https://fomo.family/profile/stigstigstig_,0x662053fd75f1f7da7e524d884b96552a13d2800b,https://robinhoodchain.blockscout.com/address/0x662053fd75f1f7da7e524d884b96552a13d2800b,robinhood,4663,23459,620,415,205,1548962.3877494638,-200078.81279442945,398626.81840647064,198548.0056120412,28,9,0.32142857142857145,43958.13746900008,-79377.716125,20,1788874084,,pending
lizzerd,lizzerd,lizzerd,https://fomo.family/profile/lizzerd,0x97d6fab2459f11ffef5986e098a674a6a5f10e66,https://robinhoodchain.blockscout.com/address/0x97d6fab2459f11ffef5986e098a674a6a5f10e66,robinhood,4663,23210,392,251,141,4329539.349153831,6175.8389011819045,-60762.535249624925,-54586.69634844302,24,10,0.4166666666666667,39992.612075,-100829.688108,60,1788887788,,pending
metaversejoji,metaversejoji,joji,https://fomo.family/profile/metaversejoji,0x1b72ee84b5675809d3b061a0046798cd61b31de1,https://robinhoodchain.blockscout.com/address/0x1b72ee84b5675809d3b061a0046798cd61b31de1,robinhood,4663,22617,129,78,51,674291.149414026,-82499.2364497538,5761.60058045876,-76737.63586929503,37,10,0.2702702702702703,2326.0692219999983,-60170.439875,6,1788886166,,pending
Iknowwhyy,Iknowwhyy,Iknowwhyy,https://fomo.family/profile/Iknowwhyy,0x1c7a74cd8a4944aacfd61716e874e0f1bf4df38a,https://robinhoodchain.blockscout.com/address/0x1c7a74cd8a4944aacfd61716e874e0f1bf4df38a,robinhood,4663,22599,40,26,14,585443.2864286787,-84190.78412040201,0,-84190.78412040201,6,1,0.16666666666666666,24.126072552741995,-44234.50588354822,0,1788866982,,pending
realClawraptor,realClawraptor,Claw,https://fomo.family/profile/realClawraptor,0xbe7c5f36dd92bb26b97018848b6e3a006e920bc7,https://robinhoodchain.blockscout.com/address/0xbe7c5f36dd92bb26b97018848b6e3a006e920bc7,robinhood,4663,22563,17,15,2,7478.004778,-2412.897504,0,-2412.897504,1,0,0,-162.421988,-162.421988,0,1788747237,,pending
surveillor,surveillor,surveillor,https://fomo.family/profile/surveillor,0x0cf1333e3bfaee903b9bef17fee5552d7a166539,https://robinhoodchain.blockscout.com/address/0x0cf1333e3bfaee903b9bef17fee5552d7a166539,robinhood,4663,22297,107,59,48,478445.67120024265,86436.31048890413,-7447.094827548703,78989.21566135543,12,6,0.5,16034.929184999994,-3852.7077119999994,4,1788868353,,pending
GuavaGuy2001,GuavaGuy2001,Guava Guy 🎀,https://fomo.family/profile/GuavaGuy2001,0x566dc593a1b15d5fdd8ef2a04f2c9acf3b0749b4,https://robinhoodchain.blockscout.com/address/0x566dc593a1b15d5fdd8ef2a04f2c9acf3b0749b4,robinhood,4663,21929,13,13,0,46745.800965074624,0,13399.847111063566,13399.847111063566,0,0,,,,12,1788840550,,pending
Colby,Colby,Colby,https://fomo.family/profile/Colby,0x8347ca89c40b139e8e9b38d82d7b799a3db68605,https://robinhoodchain.blockscout.com/address/0x8347ca89c40b139e8e9b38d82d7b799a3db68605,robinhood,4663,21826,0,0,0,0,0,0,0,0,0,,,,0,,,pending
0xVantaa,0xVantaa,Vanta,https://fomo.family/profile/0xVantaa,0x69326e48f68500fb6cf3b3a7da640737b9cc347b,https://robinhoodchain.blockscout.com/address/0x69326e48f68500fb6cf3b3a7da640737b9cc347b,robinhood,4663,21792,220,110,110,440966.1869268034,-41447.40044063316,-22031.59126080743,-63478.99170144059,63,29,0.4603174603174603,3896.8304450000005,-9982.556502,21,1788881846,,pending
WaterySimpleBobolink,WaterySimpleBobolink,ipsoFomo,https://fomo.family/profile/WaterySimpleBobolink,0x8966f1f3a016dab72087e4bd4ddde0b5f4b275a4,https://robinhoodchain.blockscout.com/address/0x8966f1f3a016dab72087e4bd4ddde0b5f4b275a4,robinhood,4663,21531,0,0,0,0,0,0,0,0,0,,,,0,,,pending
MoneyLord,MoneyLord,MoneyLord,https://fomo.family/profile/MoneyLord,0xfb2f8e284ed4149358775409f163cb917a62f51e,https://robinhoodchain.blockscout.com/address/0xfb2f8e284ed4149358775409f163cb917a62f51e,robinhood,4663,21040,22,19,3,170296.333112,-47381.760804978156,-18413.56312722085,-65795.32393219901,7,2,0.2857142857142857,4648.818366782814,-50302.239203000005,2,1788769839,,pending
needledger,needledger,needledger,https://fomo.family/profile/needledger,0x7eeba9a791a793b21f188079e9b5d466d3d129ac,https://robinhoodchain.blockscout.com/address/0x7eeba9a791a793b21f188079e9b5d466d3d129ac,robinhood,4663,21014,0,0,0,0,0,0,0,0,0,,,,0,,,pending
CardinalSaint2,CardinalSaint2,Cardinal Saint,https://fomo.family/profile/CardinalSaint2,0xb7749bd1a4b632f54b054a15a8066fd227fc938e,https://robinhoodchain.blockscout.com/address/0xb7749bd1a4b632f54b054a15a8066fd227fc938e,robinhood,4663,20599,204,109,95,1336227.8637876664,-48264.95597176792,3180.8099249239604,-45084.14604684396,18,6,0.3333333333333333,2391.013835856742,-5290.699562,13,1788887055,,pending
Bull_Path,Bull_Path,Bull.Path 🫵😹,https://fomo.family/profile/Bull_Path,0xe31abb7b23904c48a2efca4c3006da1a98723c7f,https://robinhoodchain.blockscout.com/address/0xe31abb7b23904c48a2efca4c3006da1a98723c7f,robinhood,4663,20329,66,26,40,129505.00580083315,-7.412159999999858,-13098.567132960765,-13105.979292960765,1,0,0,-7.412159999999858,-7.412159999999858,2,1788792359,,pending
CJWAT5ON,CJWAT5ON,CJ Watson,https://fomo.family/profile/CJWAT5ON,0xc0f2d453e98aa30064ba8f766a146978419987f3,https://robinhoodchain.blockscout.com/address/0xc0f2d453e98aa30064ba8f766a146978419987f3,robinhood,4663,20301,110,28,82,100636.80968846988,-3960.5183929383725,-13426.47319595098,-17386.991588889352,4,0,0,-82.04647135649837,-845.4653799263784,4,1788877035,,pending
ejgtrades,ejgtrades,EJG Trades,https://fomo.family/profile/ejgtrades,0xa926bf1245951ee24c097e362182ff6f04567163,https://robinhoodchain.blockscout.com/address/0xa926bf1245951ee24c097e362182ff6f04567163,robinhood,4663,19985,9,2,7,4260.245139,0,-581.1030391726138,-581.1030391726138,0,0,,,,2,1788632907,,pending
downhorrndously,downhorrndously,downhorrendously,https://fomo.family/profile/downhorrndously,0x92a4b51c5728bd57d09dacb8343f9bce093c3343,https://robinhoodchain.blockscout.com/address/0x92a4b51c5728bd57d09dacb8343f9bce093c3343,robinhood,4663,19761,425,187,238,191474.8486051303,-7383.150572594697,-306.01509567954787,-7689.165668274245,136,55,0.40441176470588236,3098.8275389098044,-1960.154549102799,1,1788859952,,pending
paik_michael,paik_michael,supreme leader,https://fomo.family/profile/paik_michael,0x17243251a4a2db9b58aa5dcffd54471216d212ce,https://robinhoodchain.blockscout.com/address/0x17243251a4a2db9b58aa5dcffd54471216d212ce,robinhood,4663,19242,1,1,0,514.865345,0,-206.01362672170848,-206.01362672170848,0,0,,,,1,1788056596,,pending
notwashed,notwashed,washed,https://fomo.family/profile/notwashed,0xf0918f55b347226930d051467f6369d4a818a398,https://robinhoodchain.blockscout.com/address/0xf0918f55b347226930d051467f6369d4a818a398,robinhood,4663,19063,0,0,0,0,0,0,0,0,0,,,,0,,,pending
cryptokillua99,cryptokillua99,Killua,https://fomo.family/profile/cryptokillua99,0x3f6c9c7df12ae7497b2327b549d90f189217652c,https://robinhoodchain.blockscout.com/address/0x3f6c9c7df12ae7497b2327b549d90f189217652c,robinhood,4663,18749,11,7,4,16352.752978999999,-1375.8409550000001,-2838.3059070026143,-4214.146862002614,4,1,0.25,390.0246119999997,-1480.0811079999999,1,1788636646,,pending
DNS_ERR,DNS_ERR,dns (aka ‘Trust Guy’) 🐱,https://fomo.family/profile/DNS_ERR,0xbe1eaa605d3694639988dd4fcd7cee7ab8b1d74d,https://robinhoodchain.blockscout.com/address/0xbe1eaa605d3694639988dd4fcd7cee7ab8b1d74d,robinhood,4663,18639,375,194,181,293642.30765002564,-20868.344076238474,0,-20868.344076238474,111,43,0.38738738738738737,7232.876446,-5374.797616,0,1788860195,,pending
staticc,staticc,staticc,https://fomo.family/profile/staticc,0xfc6e04d0a8748b194bcad8686f8786bec0e641e4,https://robinhoodchain.blockscout.com/address/0xfc6e04d0a8748b194bcad8686f8786bec0e641e4,robinhood,4663,18584,59,37,22,50362.27630089402,-3128.803989605079,-6946.0868214264365,-10074.890811031515,14,4,0.2857142857142857,3269.9829900000004,-2171.2083377730924,3,1788829178,,pending
picadura,picadura,picadura,https://fomo.family/profile/picadura,0xa37cd19f9a6fdcc323ba42fa498807b4212222f3,https://robinhoodchain.blockscout.com/address/0xa37cd19f9a6fdcc323ba42fa498807b4212222f3,robinhood,4663,18443,323,191,132,804097.8783440382,-96359.1914589583,321928.3836092373,225569.192150279,77,29,0.37662337662337664,15100.94477200001,-43017.87373900001,2,1788833131,,pending
vydamo_,vydamo_,vydamo,https://fomo.family/profile/vydamo_,0x3efa635740d9bdf308747fd9f1a7867073391d39,https://robinhoodchain.blockscout.com/address/0x3efa635740d9bdf308747fd9f1a7867073391d39,robinhood,4663,18336,17,9,8,30880.364305,-10769.873309999999,-6791.743624249269,-17561.61693424927,3,0,0,-455.21934,-7085.202539999999,5,1788595884,,pending
XbtPika,XbtPika,Pika XBT,https://fomo.family/profile/XbtPika,0x56612ed804fcef43f86baed0c616d3ae9a0d0bf7,https://robinhoodchain.blockscout.com/address/0x56612ed804fcef43f86baed0c616d3ae9a0d0bf7,robinhood,4663,18257,104,72,32,320357.8887320623,-21411.767540285684,183375.41009866993,161963.64255838425,9,3,0.3333333333333333,1690.0428709999996,-2791.9399010000006,4,1788850714,,pending
RugDalio,RugDalio,RugDalio✨,https://fomo.family/profile/RugDalio,0xaf3a73c19118409936bdea72fd975c7539f85359,https://robinhoodchain.blockscout.com/address/0xaf3a73c19118409936bdea72fd975c7539f85359,robinhood,4663,18200,241,140,101,462841.2525997345,-17055.127391394497,38570.9564008443,21515.8290094498,25,11,0.44,9609.505186736536,-17302.043845,16,1788881138,,pending
Eagle_0X,Eagle_0X,Eagle_0X,https://fomo.family/profile/Eagle_0X,0x97fd60ac5601faa1d3fa3cc2b556dc5dc2041a36,https://robinhoodchain.blockscout.com/address/0x97fd60ac5601faa1d3fa3cc2b556dc5dc2041a36,robinhood,4663,17342,26,22,4,55414.93307977543,-11015.189489041506,-211.81316649807036,-11227.002655539576,13,8,0.6153846153846154,368.86433199322164,-907.5982144446548,8,1788857790,,pending
0xForgivable,0xForgivable,Forgivable,https://fomo.family/profile/0xForgivable,0x0232b9afb9160fe479f25dade62fa60ef657bdc5,https://robinhoodchain.blockscout.com/address/0x0232b9afb9160fe479f25dade62fa60ef657bdc5,robinhood,4663,17284,191,116,75,776770.0677871564,-95222.30153551658,-2740.666116269474,-97962.96765178606,26,9,0.34615384615384615,41382.6682132764,-34197.51330200001,5,1788878918,,pending
dormant_cell,dormant_cell,Dormant Cell,https://fomo.family/profile/dormant_cell,0x4d388f04096295cc546b2046174a82f7652c3aff,https://robinhoodchain.blockscout.com/address/0x4d388f04096295cc546b2046174a82f7652c3aff,robinhood,4663,17122,65,31,34,20428.925123961955,-1013.4467020380442,0,-1013.4467020380442,25,5,0.2,1930.832478,-494.5096764435575,0,1788806351,,pending
Crashout,Crashout,777,https://fomo.family/profile/Crashout,0x04407d0b25455d834ea60f40aa68b2a191b4d976,https://robinhoodchain.blockscout.com/address/0x04407d0b25455d834ea60f40aa68b2a191b4d976,robinhood,4663,17112,0,0,0,0,0,0,0,0,0,,,,0,,,pending
admiralfinest,admiralfinest,admiral,https://fomo.family/profile/admiralfinest,0x1949d393f568a54ed025bd2ee8ae6b7502fa798a,https://robinhoodchain.blockscout.com/address/0x1949d393f568a54ed025bd2ee8ae6b7502fa798a,robinhood,4663,17030,100,64,36,121127.28770075085,-7539.923629727282,-742.8696016079066,-8282.793231335188,15,1,0.06666666666666667,8446.008196999996,-10082.8754,7,1788874005,,pending
dylansdegens,dylansdegens,Dylan.Eth,https://fomo.family/profile/dylansdegens,0x0d3b6fb8207bbfd6ec8c16728a7b34bc1fab3d71,https://robinhoodchain.blockscout.com/address/0x0d3b6fb8207bbfd6ec8c16728a7b34bc1fab3d71,robinhood,4663,16888,114,37,77,233456.49421368877,13623.795322501834,50860.631660496074,64484.42698299791,8,3,0.375,26514.64963167685,-10102.628658000001,4,1788823676,,pending
Cryptoaeon,Cryptoaeon,Aeon,https://fomo.family/profile/Cryptoaeon,0x9a67eda2996342cec2121456015de8021ebe2a8f,https://robinhoodchain.blockscout.com/address/0x9a67eda2996342cec2121456015de8021ebe2a8f,robinhood,4663,16763,9,8,1,28124.337995,-4246.716071000001,19702.53991148025,15455.823840480249,0,0,,,,4,1788388365,,pending
pradaazx,pradaazx,Prada,https://fomo.family/profile/pradaazx,0x8836c0ea35194367e7b3d19d3e813f9906abfaf1,https://robinhoodchain.blockscout.com/address/0x8836c0ea35194367e7b3d19d3e813f9906abfaf1,robinhood,4663,16579,64,38,26,42120.56126,-16038.763957608411,0,-16038.763957608411,11,2,0.18181818181818182,5.408827000000315,-6814.718938,1,1788611608,,pending
ArtofConviction,ArtofConviction,Conviction,https://fomo.family/profile/ArtofConviction,0xa3574fe7d01b9053387f940664751b66e27b833b,https://robinhoodchain.blockscout.com/address/0xa3574fe7d01b9053387f940664751b66e27b833b,robinhood,4663,16336,253,163,90,1693976.942957532,18802.119354664068,38246.55489927693,57048.674253941004,25,9,0.36,28121.708381169054,-7692.699799512265,9,1788886371,,pending
ineedtowin,ineedtowin,die trying,https://fomo.family/profile/ineedtowin,0xc079c868cdff8dcd0e4b1623da872933760fbe4d,https://robinhoodchain.blockscout.com/address/0xc079c868cdff8dcd0e4b1623da872933760fbe4d,robinhood,4663,16335,494,251,243,971564.5671706306,13027.933699579271,-10995.724198632526,2032.2095009467448,97,36,0.3711340206185567,19052.854956,-6385.257344999998,3,1788833802,,pending
lordarbiter,lordarbiter,lordarbiter,https://fomo.family/profile/lordarbiter,0x712b009be8006d28738fd4810ee1440e277bae03,https://robinhoodchain.blockscout.com/address/0x712b009be8006d28738fd4810ee1440e277bae03,robinhood,4663,16188,84,40,44,269709.40065872174,-21303.341266187534,66948.05316484047,45644.71189865294,18,8,0.4444444444444444,2817.118225000001,-7165.051198000002,4,1788842961,,pending
C1phervoyager,C1phervoyager,cipher,https://fomo.family/profile/C1phervoyager,0xce7263b5af8331c3baa620db93b44522d5982e35,https://robinhoodchain.blockscout.com/address/0xce7263b5af8331c3baa620db93b44522d5982e35,robinhood,4663,16118,275,87,188,354669.6480473983,87277.97919024987,2013.4592746967319,89291.43846494661,51,25,0.49019607843137253,10098.613923,-1286.841245,9,1788876700,,pending
lay2000lbs,lay2000lbs,Rachel’s_handbag_fund,https://fomo.family/profile/lay2000lbs,0x7d998c6abb2f9b80cfe29d2ac7eb2c75c3e1087f,https://robinhoodchain.blockscout.com/address/0x7d998c6abb2f9b80cfe29d2ac7eb2c75c3e1087f,robinhood,4663,16080,44,25,19,70822.16674750952,-2260.956675849159,-2405.510087952494,-4666.466763801653,17,7,0.4117647058823529,1827.6800169999992,-2133.0472949999994,3,1788887507,,pending
NDF_Sonar_trade,NDF_Sonar_trade,"NFTDefiFutures (🥅,🥅)",https://fomo.family/profile/NDF_Sonar_trade,0x47b0d370a406192d592c65beae9ec2a953366c6b,https://robinhoodchain.blockscout.com/address/0x47b0d370a406192d592c65beae9ec2a953366c6b,robinhood,4663,16079,90,44,46,322305.6464174169,-45356.56375728679,-16825.8243573753,-62182.38811466209,25,3,0.12,379.75979099999995,-11499.678090999998,18,1788870823,,pending
soby0x,soby0x,soby,https://fomo.family/profile/soby0x,0x0f9a7a53b36daf1f52fe7a616ea4b25c532d2fd2,https://robinhoodchain.blockscout.com/address/0x0f9a7a53b36daf1f52fe7a616ea4b25c532d2fd2,robinhood,4663,15807,50,31,19,412669.3562897993,-3890.6053310114985,178639.9390576272,174749.3337266157,13,6,0.46153846153846156,41799.529196999996,-17328.954029968358,7,1788804218,,pending
harrypauldavies,harrypauldavies,HPD,https://fomo.family/profile/harrypauldavies,0x7e37990fa2a156bc500aad32b859a65240f9dfa8,https://robinhoodchain.blockscout.com/address/0x7e37990fa2a156bc500aad32b859a65240f9dfa8,robinhood,4663,15658,221,91,130,399670.0938516319,-28478.750622772524,-0.4991145213733148,-28479.249737293896,28,9,0.32142857142857145,6790.967411944644,-6404.011607999997,4,1788766549,,pending
iruletrenches,iruletrenches,Miyamoto,https://fomo.family/profile/iruletrenches,0xddd462bb053b57d5d73c9615e11a7284cfee9233,https://robinhoodchain.blockscout.com/address/0xddd462bb053b57d5d73c9615e11a7284cfee9233,robinhood,4663,15651,255,128,127,1136851.4591503094,108504.49730040296,492399.2286703812,600903.7259707842,57,29,0.5087719298245614,24052.492050999997,-12974.692077202373,10,1788885410,,pending
MaGica_Conch,MaGica_Conch,MGC,https://fomo.family/profile/MaGica_Conch,0xfd937af9478149a08b2174885be868e9e687ab1f,https://robinhoodchain.blockscout.com/address/0xfd937af9478149a08b2174885be868e9e687ab1f,robinhood,4663,15463,35,17,18,42979.664623000004,-5992.60868,-139.20714336962413,-6131.815823369624,9,2,0.2222222222222222,2213.945637,-3439.001116,1,1788565496,,pending
dncdoteth,dncdoteth,donotchase,https://fomo.family/profile/dncdoteth,0xf1ea1675e87588c5ac42da523dd6f1e3ca4252e5,https://robinhoodchain.blockscout.com/address/0xf1ea1675e87588c5ac42da523dd6f1e3ca4252e5,robinhood,4663,15431,0,0,0,0,0,0,0,0,0,,,,0,,,pending
KienNguyen_NFT,KienNguyen_NFT,Kien Nguyen,https://fomo.family/profile/KienNguyen_NFT,0x5c04aa13f55226619913219783596e17ad370809,https://robinhoodchain.blockscout.com/address/0x5c04aa13f55226619913219783596e17ad370809,robinhood,4663,15353,28,13,15,47168.36494242581,-1894.6423072198713,-0.29168621975501274,-1894.9339934396264,10,3,0.3,2072.6152119999997,-1095.5831389999998,1,1788837851,,pending
0xsneakky,0xsneakky,Sneaky,https://fomo.family/profile/0xsneakky,0xe9132a6e4a610b796abba5fd4210911fafa55a22,https://robinhoodchain.blockscout.com/address/0xe9132a6e4a610b796abba5fd4210911fafa55a22,robinhood,4663,15293,1200,654,546,1615259.1788964642,199960.99738670458,14384.857384397354,214345.85477110193,385,152,0.3948051948051948,36982.849397000005,-17059.91766887309,5,1788887417,,pending
Clark10x,Clark10x,Clark 🆓,https://fomo.family/profile/Clark10x,0x1e24b5e9886f770e901c378a95547b0433664fa3,https://robinhoodchain.blockscout.com/address/0x1e24b5e9886f770e901c378a95547b0433664fa3,robinhood,4663,15076,287,136,151,311703.8888228018,-15778.630240501307,-15443.169317762966,-31221.799558264272,33,6,0.18181818181818182,2299.567553,-38168.43465520366,14,1788810862,,pending
Geppetto_88,Geppetto_88,Geppetto_88,https://fomo.family/profile/Geppetto_88,0xea01ee72a9ab6b5d9934aee0d01ac587aa0e4627,https://robinhoodchain.blockscout.com/address/0xea01ee72a9ab6b5d9934aee0d01ac587aa0e4627,robinhood,4663,,15,5,10,4334.507959,458.5167671809105,-93.88923772165606,364.62752945925445,3,0,0,-122.72317100000004,-257.53268981908946,2,1788837533,,pending
SimonMHans,SimonMHans,SimonMHans,https://fomo.family/profile/SimonMHans,0x0e17fc4e333958e7b259ab652f334b2f5bbdb27e,https://robinhoodchain.blockscout.com/address/0x0e17fc4e333958e7b259ab652f334b2f5bbdb27e,robinhood,4663,,174,77,97,558233.1172291249,-26812.60314726674,-89875.49600095407,-116688.0991482208,3,1,0.3333333333333333,322.67539861888235,-26662.239599000008,10,1788803685,,pending
_logjam,_logjam,_logjam,https://fomo.family/profile/_logjam,0xdfa705fa2db5044e672d597e5eddcc11a9f2815c,https://robinhoodchain.blockscout.com/address/0xdfa705fa2db5044e672d597e5eddcc11a9f2815c,robinhood,4663,,0,0,0,0,0,0,0,0,0,,,,0,,,pending
astaso1,astaso1,astaso1,https://fomo.family/profile/astaso1,0x0895ce73ebbec6acdae7095854019ea3f2f83cb7,https://robinhoodchain.blockscout.com/address/0x0895ce73ebbec6acdae7095854019ea3f2f83cb7,robinhood,4663,,0,0,0,0,0,0,0,0,0,,,,1,,,pending
runitbackghost,runitbackghost,runitbackghost,https://fomo.family/profile/runitbackghost,0x1d3c5cef04e2c50c1188b760e6a7672a740bb1b7,https://robinhoodchain.blockscout.com/address/0x1d3c5cef04e2c50c1188b760e6a7672a740bb1b7,robinhood,4663,,6,6,0,2830.232420802761,0,3725.027037001548,3725.027037001548,0,0,,,,6,1788842202,,pending
